scheme,model,split,n_train,fit_seconds,accuracy,precision_macro,recall_macro,f1_macro,roc_auc,detection_time_ms,n_test
70_20_10,decision_tree,test,1110830,14.956,0.7359081485402449,0.650918898324209,0.8057235850034055,0.6717992290004637,0.9201969693484968,0.0002675957977771759,158691
70_20_10,decision_tree,validation,1110830,14.956,0.7355544282739043,0.6563926376685748,0.8332737912247112,0.6839482558961542,0.9208286161648815,0.00025289999321103095,317381
70_20_10,knn,test,1110830,4.917,0.7412518668355483,0.6446034878307157,0.8064270355740739,0.6696879521863315,0.9338932754387047,0.5250056540942751,158691
70_20_10,knn,validation,1110830,4.917,0.7389163182421128,0.6508067952134058,0.8608595758860369,0.6836676323705156,0.9335168739075262,0.5099755458068103,317381
70_20_10,naive_bayes,test,1110830,4.975,0.7542393708527894,0.43771726930601224,0.6107100836314386,0.4716754091427093,0.8632313238096365,0.0006882207933813333,158691
70_20_10,naive_bayes,validation,1110830,4.975,0.7551743803189227,0.4326193151681774,0.6661088803498675,0.4683417095222918,0.8629327675245868,0.000643979199230671,317381
70_20_10,random_forest,test,1110830,35.845,0.7597532311221178,0.6454218403169256,0.8152130347780413,0.6669566524288851,0.9525515796944355,0.005722820898517967,158691
70_20_10,random_forest,validation,1110830,35.845,0.7590246423068804,0.6748633915511629,0.862109348489257,0.7033134127738403,0.9521518606122586,0.007423595804721117,317381
70_20_10,svm,test,1110830,10.502,0.613179071276884,0.48050346129675264,0.7623254665978904,0.5171409632840829,0.9064432092952345,0.00127438340568915,158691
70_20_10,svm,validation,1110830,10.502,0.6137544465484701,0.48555161228659,0.8196809780035654,0.5234174619820663,0.9076789549657619,0.0011217209044843911,317381
70_30,decision_tree,test,1110831,15.289,0.7310275148034642,0.6761996871339704,0.849888675492311,0.7031685569865566,0.9205183613763734,0.0003031084081158042,476071
70_30,knn,test,1110831,5.188,0.7377113917881997,0.6758348629023652,0.8352743237818843,0.7011370404619903,0.9333854659366488,0.5379823999945075,476071
70_30,naive_bayes,test,1110831,5.415,0.4584358215476263,0.4518908714104594,0.6737040226622081,0.4664975936860805,0.8604943290518112,0.0007097749970853328,476071
70_30,random_forest,test,1110831,34.504,0.7591535716311223,0.6850135410771774,0.836151132854159,0.7042240308244604,0.9525267678714289,0.0055813790997490285,476071
70_30,svm,test,1110831,12.456,0.6157505918234885,0.5046134101911313,0.8073588491375856,0.5467718099518613,0.9045493387075467,0.0012567416997626424,476071
80_20,decision_tree,test,1269521,14.941,0.7354819601677479,0.6880038336638957,0.8044126561154733,0.7090225641775058,0.9211043922140119,0.000255520804785192,317381
80_20,knn,test,1269521,4.241,0.7398048402393338,0.6669830713879585,0.8353897160915549,0.6964012161602362,0.933554788803259,0.5422159458976239,317381
80_20,naive_bayes,test,1269521,4.549,0.5480258742646851,0.46452826745301085,0.6548426429824736,0.4684175541650062,0.8664896884068355,0.0006962292012758553,317381
80_20,random_forest,test,1269521,35.224,0.7582148899902641,0.6535531902314078,0.830982973264647,0.678174601842623,0.9526829884554112,0.006256445799954236,317381
80_20,svm,test,1269521,10.452,0.6157930058825197,0.4740993547998673,0.7950385786971168,0.5145018940892668,0.904518336615347,0.0018200166989117861,317381
90_10,decision_tree,test,1428211,13.61,0.7342886490097107,0.6681827566992771,0.846955407053422,0.6971311406670055,0.9222820083069957,0.00026093749329447746,158691
90_10,knn,test,1428211,3.099,0.7404137600746105,0.6447169816734711,0.8318498393595125,0.6720017599107456,0.9339179520990393,0.5223918708041311,158691
90_10,naive_bayes,test,1428211,3.403,0.23354191479037878,0.4505111291000491,0.6008455925630479,0.42746296393904315,0.8629215192568439,0.0007048333063721657,158691
90_10,random_forest,test,1428211,34.35,0.7591041709989854,0.6497447613247949,0.815394946649758,0.6726834247626802,0.9531278376999278,0.005174554197583348,158691
90_10,svm,test,1428211,8.961,0.6122401396424498,0.4879591688750618,0.7622748826695229,0.5308060741241949,0.9057085690018506,0.0006124458974227309,158691
