,precision,recall,f1-score,support
Benign,0.9840166321906841,0.7011363692852207,0.8188334806467858,402334.0
Bot,0.9900747314339093,0.9996463098325866,0.9948374985333802,8482.0
Brute Force -Web,0.10752688172043011,0.8823529411764706,0.19169329073482427,34.0
Brute Force -XSS,0.6470588235294118,0.8461538461538461,0.7333333333333333,13.0
DDOS attack-HOIC,0.9995843477228193,1.0,0.9997921306607276,16834.0
DDOS attack-LOIC-UDP,0.9423076923076923,0.98989898989899,0.9655172413793104,99.0
DDoS attacks-LOIC-HTTP,0.9585080556168616,0.9986203724994251,0.9781531531531531,4349.0
DoS attacks-GoldenEye,0.9809838776353865,1.0,0.9904006677796328,2373.0
DoS attacks-Hulk,0.9988190343869399,0.9999304541345017,0.9993744352540488,14379.0
DoS attacks-SlowHTTPTest,0.5,0.9285714285714286,0.65,14.0
DoS attacks-Slowloris,0.8857142857142857,1.0,0.9393939393939394,589.0
FTP-BruteForce,0.0,0.0,0.0,14.0
Infilteration,0.12160572781134683,0.7828041451757914,0.21050957237658346,21133.0
SQL Injection,0.025,0.4,0.047058823529411764,5.0
SSH-Bruteforce,0.9963228534657106,1.0,0.9981580401547246,5419.0
accuracy,0.7377113917881997,0.7377113917881997,0.7377113917881997,0.7377113917881997
macro avg,0.6758348629023652,0.8352743237818843,0.7011370404619903,476071.0
weighted avg,0.9464759329840042,0.7377113917881997,0.8112644300829859,476071.0
