model,fold,accuracy,precision_macro,recall_macro,f1_macro,roc_auc,fit_seconds
decision_tree,0,0.7218516546359108,0.6580152797997829,0.8673467359566083,0.6828110519583573,0.9259578271107937,12.738
decision_tree,1,0.7172168466291303,0.6850399004188976,0.8205493245606625,0.7042005089621746,0.9295538514943705,11.927
decision_tree,2,0.7293150166992249,0.6553294158694337,0.8121349962124876,0.6792963206953894,0.9177818936854191,12.404
decision_tree,3,0.7276703005860483,0.6616661224289042,0.8760178818100441,0.687495854926761,0.9295376201635467,12.406
decision_tree,4,0.73181990043481,0.6665223223572238,0.8513555876137505,0.6961452015442853,0.9253191409138716,12.514
random_forest,0,0.7432045396542326,0.6414263567546018,0.8742229410290344,0.6585932908214894,0.9551187754928323,30.111
random_forest,1,0.7450761072654003,0.6487571062542972,0.8201666834192332,0.6664153609320923,0.9549472983877964,29.567
random_forest,2,0.7425672695191884,0.6391979513281518,0.8273444138404419,0.6561440769853123,0.9556279503653119,30.158
random_forest,3,0.7412155775411179,0.6426349623962381,0.8844625031315897,0.660229694541688,0.955692241497622,30.152
random_forest,4,0.7419560148717625,0.6445600007549287,0.8838680027008342,0.664708592007529,0.9556278718875293,30.649
svm,0,0.6126548218072285,0.49833904014557256,0.8276487859748776,0.536663936125129,0.9025453215955626,10.715
svm,1,0.6271831016979592,0.5008393633491273,0.7721142207307755,0.5341455914186707,0.8989394883235078,10.286
svm,2,0.6126252441867792,0.49915469726725037,0.8061259145192168,0.5368677617343471,0.9017160489585357,10.027
svm,3,0.6137500787699288,0.4995965310614984,0.7897240363075058,0.5398668505725165,0.9019040577396148,8.73
svm,4,0.6218665322326549,0.5000296870827684,0.8290558198233762,0.5445333828880635,0.9013536666725538,9.088
naive_bayes,0,0.37957218611069976,0.46360953334741406,0.6804803446285568,0.4506983029228573,0.8604483984054434,3.512
naive_bayes,1,0.7567623770799135,0.4589630144286628,0.6133466228614411,0.4610961645550445,0.8642943359782193,3.527
naive_bayes,2,0.23372613271157602,0.4625834636687028,0.6357157960688017,0.4197272725696607,0.8570461980607983,3.654
naive_bayes,3,0.5509546915369589,0.4665832421443214,0.6398925667084544,0.4668357508594362,0.8637441764788119,3.651
naive_bayes,4,0.4206062133719831,0.48835793765684327,0.696756685783852,0.47048933650844815,0.8601478028789354,3.885
knn,0,0.7399529272388706,0.6675302816614619,0.8726054516013247,0.6994816920422622,0.9341916708092551,4.187
knn,1,0.7406271957048468,0.6511539656469494,0.7744872127173608,0.6671982602349689,0.9322449024708254,4.319
knn,2,0.7385783603251622,0.6836685906725398,0.8295436411532555,0.7029514120630016,0.9335380669034493,3.726
knn,3,0.738502741193522,0.6948471569252977,0.8780308990731202,0.7083016913364282,0.9333122390617752,3.869
knn,4,0.7381593043039889,0.6648375983355288,0.8527002736756052,0.6883178379648321,0.9333957147055328,3.797
