rank,feature,importance
1,init_fwd_win_byts,0.07962298482613123
2,fwd_seg_size_min,0.07669485019960065
3,dst_port,0.0761567085281963
4,fwd_header_len,0.0362464682862127
5,flow_duration,0.03356346986589151
6,fwd_pkts_s,0.03233870659668602
7,flow_iat_max,0.03161286613140889
8,fwd_iat_min,0.0284982301458881
9,flow_pkts_s,0.02828461047420726
10,fwd_iat_mean,0.02650385908740961
11,flow_iat_mean,0.026259110392950077
12,fwd_iat_max,0.025938229198488854
13,flow_iat_min,0.02495385867861322
14,fwd_iat_tot,0.024228490517807306
15,bwd_pkts_s,0.019815438540617656
16,totlen_bwd_pkts,0.018981368175561283
17,bwd_pkt_len_mean,0.017296710021113583
18,flow_byts_s,0.01720065149177777
19,bwd_pkt_len_std,0.016441141424498273
20,fwd_seg_size_avg,0.015158997508734708
21,flow_iat_std,0.014663045412093545
22,bwd_pkt_len_max,0.014274356375278891
23,bwd_seg_size_avg,0.014138873171873774
24,subflow_fwd_byts,0.014116224510196616
25,subflow_bwd_byts,0.013436651487606137
26,totlen_fwd_pkts,0.013346127884161759
27,bwd_iat_std,0.013019418202692291
28,fwd_act_data_pkts,0.01262323390762399
29,bwd_header_len,0.01261289584516621
30,fwd_pkt_len_max,0.011464380805384483
31,pkt_size_avg,0.01138023877865436
32,tot_bwd_pkts,0.011326297601999753
33,pkt_len_std,0.011195486866606789
34,fwd_pkt_len_mean,0.01115087150111747
35,subflow_fwd_pkts,0.010386316100444564
36,init_bwd_win_byts,0.010248550769260081
37,subflow_bwd_pkts,0.009962147086992421
38,pkt_len_var,0.009442908842834536
39,tot_fwd_pkts,0.00939446647400676
40,fwd_iat_std,0.009372910153610999
41,rst_flag_cnt,0.009358045174592128
42,pkt_len_max,0.009262046324598552
43,bwd_iat_tot,0.007988009962005911
44,pkt_len_mean,0.007880000235485126
45,fwd_pkt_len_std,0.0073830879056820346
46,bwd_iat_mean,0.007198636384714617
47,ece_flag_cnt,0.006878321885360428
48,bwd_iat_max,0.0066466661928011
49,bwd_iat_min,0.006257305299423164
50,ack_flag_cnt,0.00547547472439649
51,psh_flag_cnt,0.004204808862326894
52,idle_max,0.004196692572030353
53,idle_mean,0.0039189747612282085
54,idle_min,0.0033841874382274195
55,urg_flag_cnt,0.0026183694337856772
56,active_max,0.002121401231858856
57,active_min,0.001963381614264688
58,active_mean,0.0016769122839644785
59,pkt_len_min,0.0016563901589467843
60,idle_std,0.0013743638100152155
61,down_up_ratio,0.0013199900685390647
62,bwd_pkt_len_min,0.0009359108785460869
63,active_std,0.0008687721296746356
64,fwd_pkt_len_min,0.0007671088611946309
65,fin_flag_cnt,0.0003702520574974887
66,syn_flag_cnt,0.0003411672754962513
67,fwd_psh_flags,0.0003208081113883396
68,cwe_flag_count,0.00014488323972978212
69,fwd_urg_flags,0.0001358792528251593
70,bwd_psh_flags,0.0
71,bwd_urg_flags,0.0
72,fwd_byts_b_avg,0.0
73,fwd_pkts_b_avg,0.0
74,fwd_blk_rate_avg,0.0
75,bwd_byts_b_avg,0.0
76,bwd_pkts_b_avg,0.0
77,bwd_blk_rate_avg,0.0
