rank,feature,selected,rfe_rank,coef_mag
1,psh_flag_cnt,True,1,8.881945
2,bwd_pkt_len_min,True,1,5.620852
3,pkt_len_min,True,1,5.163028
4,init_fwd_win_byts,True,1,5.104963
5,dst_port,True,1,4.118039
6,down_up_ratio,True,1,3.949482
7,ack_flag_cnt,True,1,3.525938
8,pkt_size_avg,True,1,3.518666
9,pkt_len_mean,True,1,3.45078
10,bwd_pkt_len_mean,True,1,3.383073
11,bwd_seg_size_avg,True,1,3.383073
12,urg_flag_cnt,True,1,3.339094
13,pkt_len_var,True,1,3.144522
14,fwd_pkt_len_max,True,1,3.040566
15,init_bwd_win_byts,True,1,3.021897
16,pkt_len_std,True,1,2.978705
17,bwd_pkt_len_max,True,1,2.968363
18,pkt_len_max,True,1,2.942772
19,bwd_pkt_len_std,True,1,2.889846
20,fwd_iat_tot,True,1,2.881015
21,fwd_pkt_len_min,True,1,2.804184
22,flow_duration,True,1,2.78116
23,fwd_pkt_len_std,True,1,2.717639
24,flow_iat_mean,True,1,2.717537
25,fwd_psh_flags,True,1,2.694722
26,syn_flag_cnt,True,1,2.694722
27,idle_min,True,1,2.504317
28,idle_max,True,1,2.373909
29,flow_iat_std,True,1,2.315219
30,totlen_fwd_pkts,True,1,2.308349
31,subflow_fwd_byts,True,1,2.308349
32,bwd_iat_tot,True,1,2.292614
33,bwd_iat_mean,True,1,2.237847
34,flow_iat_max,True,1,2.044849
35,active_mean,True,1,2.034192
36,fwd_iat_min,True,1,1.952948
37,fwd_pkt_len_mean,True,1,1.890056
38,fwd_seg_size_avg,True,1,1.890056
39,fwd_iat_std,True,1,1.848123
40,bwd_header_len,True,1,1.281076
41,active_std,False,2,0.0
42,idle_mean,False,2,0.0
43,flow_pkts_s,False,3,0.0
44,fwd_iat_max,False,3,0.0
45,bwd_iat_std,False,3,0.0
46,fwd_pkts_s,False,3,0.0
47,active_max,False,3,0.0
48,fwd_iat_mean,False,4,0.0
49,bwd_iat_max,False,4,0.0
50,bwd_pkts_s,False,4,0.0
51,fin_flag_cnt,False,4,0.0
52,active_min,False,4,0.0
53,tot_bwd_pkts,False,5,0.0
54,bwd_iat_min,False,5,0.0
55,subflow_fwd_pkts,False,5,0.0
56,subflow_bwd_pkts,False,5,0.0
57,idle_std,False,5,0.0
58,tot_fwd_pkts,False,6,0.0
59,totlen_bwd_pkts,False,6,0.0
60,flow_iat_min,False,6,0.0
61,subflow_bwd_byts,False,6,0.0
62,fwd_act_data_pkts,False,6,0.0
63,flow_byts_s,False,7,0.0
64,fwd_header_len,False,7,0.0
65,rst_flag_cnt,False,7,0.0
66,ece_flag_cnt,False,7,0.0
67,fwd_seg_size_min,False,7,0.0
68,fwd_urg_flags,False,8,0.0
69,cwe_flag_count,False,8,0.0
70,bwd_byts_b_avg,False,8,0.0
71,bwd_pkts_b_avg,False,8,0.0
72,bwd_blk_rate_avg,False,8,0.0
73,bwd_psh_flags,False,9,0.0
74,bwd_urg_flags,False,9,0.0
75,fwd_byts_b_avg,False,9,0.0
76,fwd_pkts_b_avg,False,9,0.0
77,fwd_blk_rate_avg,False,9,0.0
