,n_nan,n_inf,n_zero,n_negative
dst_port,0,0,26177,0
flow_duration,0,0,10408,2
tot_fwd_pkts,0,0,0,0
tot_bwd_pkts,0,0,539106,0
totlen_fwd_pkts,0,0,700504,0
totlen_bwd_pkts,0,0,811941,0
fwd_pkt_len_max,0,0,700504,0
fwd_pkt_len_min,0,0,1534828,0
fwd_pkt_len_mean,0,0,700504,0
fwd_pkt_len_std,0,0,1161864,0
bwd_pkt_len_max,0,0,811941,0
bwd_pkt_len_min,0,0,1544451,0
bwd_pkt_len_mean,0,0,811941,0
bwd_pkt_len_std,0,0,1263643,0
flow_byts_s,6550,3858,693167,0
flow_pkts_s,0,10408,0,2
flow_iat_mean,0,0,10408,2
flow_iat_std,0,0,997129,0
flow_iat_max,0,0,10408,0
flow_iat_min,0,0,98166,3
fwd_iat_tot,0,0,565808,2
fwd_iat_mean,0,0,565808,2
fwd_iat_std,0,0,1107857,0
fwd_iat_max,0,0,565808,0
fwd_iat_min,0,0,580276,3
bwd_iat_tot,0,0,1166562,0
bwd_iat_mean,0,0,1166562,0
bwd_iat_std,0,0,1324102,0
bwd_iat_max,0,0,1166562,0
bwd_iat_min,0,0,1235034,0
fwd_psh_flags,0,0,1925431,0
bwd_psh_flags,0,0,1999987,0
fwd_urg_flags,0,0,1998839,0
bwd_urg_flags,0,0,1999987,0
fwd_header_len,0,0,26177,0
bwd_header_len,0,0,540367,0
fwd_pkts_s,0,0,10410,0
bwd_pkts_s,0,0,539302,0
pkt_len_min,0,0,1538483,0
pkt_len_max,0,0,699717,0
pkt_len_mean,0,0,699717,0
pkt_len_std,0,0,716567,0
pkt_len_var,0,0,716567,0
fin_flag_cnt,0,0,1991520,0
syn_flag_cnt,0,0,1925431,0
rst_flag_cnt,0,0,1652735,0
psh_flag_cnt,0,0,1209250,0
ack_flag_cnt,0,0,1282548,0
urg_flag_cnt,0,0,1910421,0
cwe_flag_count,0,0,1998839,0
ece_flag_cnt,0,0,1652734,0
down_up_ratio,0,0,1069496,0
pkt_size_avg,0,0,699717,0
fwd_seg_size_avg,0,0,700504,0
bwd_seg_size_avg,0,0,811941,0
fwd_byts_b_avg,0,0,1999987,0
fwd_pkts_b_avg,0,0,1999987,0
fwd_blk_rate_avg,0,0,1999987,0
bwd_byts_b_avg,0,0,1999987,0
bwd_pkts_b_avg,0,0,1999987,0
bwd_blk_rate_avg,0,0,1999987,0
subflow_fwd_pkts,0,0,0,0
subflow_fwd_byts,0,0,700504,0
subflow_bwd_pkts,0,0,539106,0
subflow_bwd_byts,0,0,811941,0
init_fwd_win_byts,0,0,8458,485717
init_bwd_win_byts,0,0,175477,987026
fwd_act_data_pkts,0,0,1092847,0
fwd_seg_size_min,0,0,26177,0
active_mean,0,0,1820912,0
active_std,0,0,1876360,0
active_max,0,0,1820912,0
active_min,0,0,1820912,0
idle_mean,0,0,1745443,0
idle_std,0,0,1855342,0
idle_max,0,0,1745443,0
idle_min,0,0,1745443,0
