,dst_port,flow_duration,tot_fwd_pkts,tot_bwd_pkts,totlen_fwd_pkts,totlen_bwd_pkts,fwd_pkt_len_max,fwd_pkt_len_min,fwd_pkt_len_mean,fwd_pkt_len_std,bwd_pkt_len_max,bwd_pkt_len_min,bwd_pkt_len_mean,bwd_pkt_len_std,flow_byts_s,flow_pkts_s,flow_iat_mean,flow_iat_std,flow_iat_max,flow_iat_min,fwd_iat_tot,fwd_iat_mean,fwd_iat_std,fwd_iat_max,fwd_iat_min,bwd_iat_tot,bwd_iat_mean,bwd_iat_std,bwd_iat_max,bwd_iat_min,fwd_psh_flags,bwd_psh_flags,fwd_urg_flags,bwd_urg_flags,fwd_header_len,bwd_header_len,fwd_pkts_s,bwd_pkts_s,pkt_len_min,pkt_len_max,pkt_len_mean,pkt_len_std,pkt_len_var,fin_flag_cnt,syn_flag_cnt,rst_flag_cnt,psh_flag_cnt,ack_flag_cnt,urg_flag_cnt,cwe_flag_count,ece_flag_cnt,down_up_ratio,pkt_size_avg,fwd_seg_size_avg,bwd_seg_size_avg,fwd_byts_b_avg,fwd_pkts_b_avg,fwd_blk_rate_avg,bwd_byts_b_avg,bwd_pkts_b_avg,bwd_blk_rate_avg,subflow_fwd_pkts,subflow_fwd_byts,subflow_bwd_pkts,subflow_bwd_byts,init_fwd_win_byts,init_bwd_win_byts,fwd_act_data_pkts,fwd_seg_size_min,active_mean,active_std,active_max,active_min,idle_mean,idle_std,idle_max,idle_min,label
0,443.0,119402535.0,5.0,5.0,316.0,74.0,79.0,0.0,63.2,35.3298740445,74.0,0.0,14.8,33.093806067,3.2662623118,0.0837503157,13266948.3333333,15709661.7040562,30018969.0,11558.0,119402535.0,29850633.75,359586.512737779,30030527.0,29311254.0,119332607.0,29833151.75,394557.182221939,30030552.0,29241316.0,1.0,0.0,0.0,0.0,100.0,100.0,0.0418751578,0.0418751578,0.0,79.0,42.6363636364,40.8467201309,1668.4545454546,0.0,1.0,0.0,0.0,1.0,0.0,0.0,0.0,1.0,46.9,63.2,14.8,0.0,0.0,0.0,0.0,0.0,0.0,5.0,316.0,5.0,74.0,256.0,73.0,3.0,20.0,11568.25,11.982626312,11583.0,11558.0,29824476.75,388773.846809321,30018969.0,29241316.0,Benign
1,445.0,61258.0,2.0,0.0,1.0,0.0,1.0,0.0,0.5,0.7071067812,0.0,0.0,0.0,0.0,16.3243984459,32.6487968918,61258.0,0.0,61258.0,61258.0,61258.0,61258.0,0.0,61258.0,61258.0,0.0,0.0,0.0,0.0,0.0,0.0,0.0,0.0,0.0,52.0,0.0,32.6487968918,0.0,0.0,1.0,0.6666666667,0.5773502692,0.3333333333,0.0,0.0,0.0,0.0,1.0,0.0,0.0,0.0,0.0,1.0,0.5,0.0,0.0,0.0,0.0,0.0,0.0,0.0,2.0,1.0,0.0,0.0,253.0,-1.0,0.0,20.0,0.0,0.0,0.0,0.0,0.0,0.0,0.0,0.0,Benign
2,80.0,54267736.0,2.0,0.0,0.0,0.0,0.0,0.0,0.0,0.0,0.0,0.0,0.0,0.0,0.0,0.0368543106,54267736.0,0.0,54267736.0,54267736.0,54267736.0,54267736.0,0.0,54267736.0,54267736.0,0.0,0.0,0.0,0.0,0.0,0.0,0.0,0.0,0.0,40.0,0.0,0.0368543106,0.0,0.0,0.0,0.0,0.0,0.0,0.0,0.0,0.0,0.0,1.0,0.0,0.0,0.0,0.0,0.0,0.0,0.0,0.0,0.0,0.0,0.0,0.0,0.0,2.0,0.0,0.0,0.0,279.0,-1.0,0.0,20.0,0.0,0.0,0.0,0.0,0.0,0.0,0.0,0.0,Benign
3,3389.0,2405965.0,8.0,7.0,1144.0,1581.0,677.0,0.0,143.0,227.9699228282,1173.0,0.0,225.8571428571,430.0986044197,1132.6016795756,6.2345046582,171854.642857143,256109.520405629,953160.0,88.0,2405965.0,343709.285714286,360920.338416348,1124415.0,297.0,2288593.0,381432.166666667,283620.481279767,953160.0,223210.0,0.0,0.0,0.0,0.0,172.0,152.0,3.325069151,2.9094355072,0.0,1173.0,170.3125,319.402717323,102018.095833333,0.0,0.0,1.0,1.0,0.0,0.0,0.0,1.0,0.0,181.6666666667,143.0,225.8571428571,0.0,0.0,0.0,0.0,0.0,0.0,8.0,1144.0,7.0,1581.0,8192.0,62856.0,5.0,20.0,0.0,0.0,0.0,0.0,0.0,0.0,0.0,0.0,Benign
4,53.0,294.0,1.0,1.0,43.0,59.0,43.0,43.0,43.0,0.0,59.0,59.0,59.0,0.0,346938.775510204,6802.7210884354,294.0,0.0,294.0,294.0,0.0,0.0,0.0,0.0,0.0,0.0,0.0,0.0,0.0,0.0,0.0,0.0,0.0,0.0,8.0,8.0,3401.3605442177,3401.3605442177,43.0,59.0,48.3333333333,9.237604307,85.3333333333,0.0,0.0,0.0,0.0,0.0,0.0,0.0,0.0,1.0,72.5,43.0,59.0,0.0,0.0,0.0,0.0,0.0,0.0,1.0,43.0,1.0,59.0,-1.0,-1.0,0.0,8.0,0.0,0.0,0.0,0.0,0.0,0.0,0.0,0.0,Benign
5,80.0,6293871.0,4.0,4.0,97.0,232.0,97.0,0.0,24.25,48.5,232.0,0.0,58.0,116.0,52.273076458,1.271077847,899124.428571429,2342832.65771472,6211725.0,41.0,82146.0,27382.0,47132.5818940571,81806.0,132.0,6293704.0,2097901.33333333,3633217.03622235,6293179.0,179.0,0.0,0.0,0.0,0.0,92.0,92.0,0.6355389235,0.6355389235,0.0,232.0,36.5555555556,80.0048609634,6400.7777777778,0.0,0.0,0.0,1.0,0.0,0.0,0.0,0.0,1.0,41.125,24.25,58.0,0.0,0.0,0.0,0.0,0.0,0.0,4.0,97.0,4.0,232.0,8192.0,141.0,1.0,20.0,0.0,0.0,0.0,0.0,0.0,0.0,0.0,0.0,Benign
6,80.0,79.0,2.0,0.0,0.0,0.0,0.0,0.0,0.0,0.0,0.0,0.0,0.0,0.0,0.0,25316.4556962025,79.0,0.0,79.0,79.0,79.0,79.0,0.0,79.0,79.0,0.0,0.0,0.0,0.0,0.0,0.0,0.0,0.0,0.0,40.0,0.0,25316.4556962025,0.0,0.0,0.0,0.0,0.0,0.0,0.0,0.0,0.0,0.0,1.0,0.0,0.0,0.0,0.0,0.0,0.0,0.0,0.0,0.0,0.0,0.0,0.0,0.0,2.0,0.0,0.0,0.0,278.0,-1.0,0.0,20.0,0.0,0.0,0.0,0.0,0.0,0.0,0.0,0.0,Benign
7,443.0,118929363.0,25.0,24.0,2821.0,4850.0,548.0,0.0,112.84,169.566771509,1410.0,0.0,202.0833333333,382.9777966849,64.5004715951,0.4120092697,2477695.0625,11799529.8976957,58931270.0,11.0,118929363.0,4955390.125,16483316.7596688,58931270.0,48.0,118851601.0,5167460.91304348,16836144.4763188,58953879.0,22.0,0.0,0.0,0.0,0.0,512.0,492.0,0.2102088111,0.2018004586,0.0,1410.0,153.42,292.2490613801,85409.513877551,0.0,0.0,0.0,1.0,0.0,0.0,0.0,0.0,0.0,156.5510204082,112.84,202.0833333333,0.0,0.0,0.0,0.0,0.0,0.0,25.0,2821.0,24.0,4850.0,8192.0,145.0,12.0,20.0,960440.0,1248276.81403205,1843105.0,77775.0,58465314.5,658960.587562337,58931270.0,57999359.0,Benign
8,80.0,816.0,3.0,4.0,161.0,488.0,161.0,0.0,53.6666666667,92.9533933395,488.0,0.0,122.0,244.0,795343.137254902,8578.431372549,136.0,99.4726092952,281.0,0.0,464.0,232.0,147.0782104868,336.0,128.0,535.0,178.3333333333,183.7180811279,367.0,0.0,0.0,0.0,0.0,0.0,72.0,92.0,3676.4705882353,4901.9607843137,0.0,488.0,81.125,173.7875858627,30202.125,0.0,0.0,0.0,1.0,0.0,0.0,0.0,0.0,1.0,92.7142857143,53.6666666667,122.0,0.0,0.0,0.0,0.0,0.0,0.0,3.0,161.0,4.0,488.0,8192.0,149.0,1.0,20.0,0.0,0.0,0.0,0.0,0.0,0.0,0.0,0.0,Benign
9,80.0,117693968.0,18.0,16.0,875.0,1412.0,432.0,0.0,48.6111111111,139.4789205617,706.0,0.0,88.25,241.1449080256,19.4317520164,0.2888848135,3566483.87878788,4673199.38591514,10013496.0,44.0,117693968.0,6923174.58823529,4499135.09476442,10109110.0,95624.0,113537412.0,7569160.8,4372268.81090496,10109142.0,98308.0,0.0,0.0,0.0,0.0,372.0,464.0,0.1529390189,0.1359457946,0.0,706.0,65.3428571429,189.4800847609,35902.7025210084,0.0,0.0,0.0,1.0,0.0,0.0,0.0,0.0,0.0,67.2647058824,48.6111111111,88.25,0.0,0.0,0.0,0.0,0.0,0.0,18.0,875.0,16.0,1412.0,8192.0,176.0,13.0,20.0,322208.0,751359.127822508,2587641.0,95576.0,9999368.09090909,46531.3371900155,10013496.0,9859071.0,Benign
1586892,443.0,503.0,3.0,0.0,77.0,0.0,46.0,0.0,25.66666667,23.45918441,0.0,0.0,0.0,0.0,153081.5109,5964.214712,251.5,328.8046533,484.0,19.0,503.0,251.5,328.8046533,484.0,19.0,0.0,0.0,0.0,0.0,0.0,1.0,0.0,0.0,0.0,60.0,0.0,5964.214712,0.0,0.0,46.0,30.75,21.68524844,470.25,0.0,1.0,0.0,0.0,1.0,0.0,0.0,0.0,0.0,41.0,25.66666667,0.0,0.0,0.0,0.0,0.0,0.0,0.0,3.0,77.0,0.0,0.0,256.0,-1.0,1.0,20.0,0.0,0.0,0.0,0.0,0.0,0.0,0.0,0.0,Benign
1586893,30927.0,86221456.0,2.0,0.0,0.0,0.0,0.0,0.0,0.0,0.0,0.0,0.0,0.0,0.0,0.0,0.023196082,86200000.0,0.0,86200000.0,86200000.0,86200000.0,86200000.0,0.0,86200000.0,86200000.0,0.0,0.0,0.0,0.0,0.0,0.0,0.0,0.0,0.0,40.0,0.0,0.023196082,0.0,0.0,0.0,0.0,0.0,0.0,0.0,0.0,0.0,0.0,1.0,0.0,0.0,0.0,0.0,0.0,0.0,0.0,0.0,0.0,0.0,0.0,0.0,0.0,2.0,0.0,0.0,0.0,64000.0,-1.0,0.0,20.0,0.0,0.0,0.0,0.0,86200000.0,0.0,86200000.0,86200000.0,Benign
1586894,3389.0,1773257.0,9.0,7.0,1144.0,1581.0,677.0,0.0,127.1111111,218.5088353,1173.0,0.0,225.8571429,430.0986044,1536.720284,9.022944785,118217.1333,234273.6475,937544.0,95.0,1773257.0,221657.125,361353.2555,1105165.0,6487.0,1670032.0,278338.6667,323944.9991,937544.0,120606.0,0.0,0.0,0.0,0.0,192.0,152.0,5.075406441,3.947538343,0.0,1173.0,160.2941176,312.0067637,97348.22059,0.0,0.0,1.0,1.0,0.0,0.0,0.0,1.0,0.0,170.3125,127.1111111,225.8571429,0.0,0.0,0.0,0.0,0.0,0.0,9.0,1144.0,7.0,1581.0,8192.0,62856.0,5.0,20.0,0.0,0.0,0.0,0.0,0.0,0.0,0.0,0.0,Benign
1586895,42808.0,84241018.0,2.0,0.0,0.0,0.0,0.0,0.0,0.0,0.0,0.0,0.0,0.0,0.0,0.0,0.023741404,84200000.0,0.0,84200000.0,84200000.0,84200000.0,84200000.0,0.0,84200000.0,84200000.0,0.0,0.0,0.0,0.0,0.0,0.0,0.0,0.0,0.0,40.0,0.0,0.023741404,0.0,0.0,0.0,0.0,0.0,0.0,0.0,0.0,0.0,0.0,1.0,0.0,0.0,0.0,0.0,0.0,0.0,0.0,0.0,0.0,0.0,0.0,0.0,0.0,2.0,0.0,0.0,0.0,62566.0,-1.0,0.0,20.0,0.0,0.0,0.0,0.0,84200000.0,0.0,84200000.0,84200000.0,Benign
1586896,3389.0,4130458.0,14.0,8.0,1441.0,1731.0,725.0,0.0,102.9285714,191.1489408,1179.0,0.0,216.375,405.4647906,767.953578,5.32628585,196688.4762,261488.5243,954461.0,3.0,4130458.0,317727.5385,361287.6084,1301037.0,3.0,4057527.0,579646.7143,371677.3574,1025743.0,108079.0,0.0,0.0,0.0,0.0,292.0,172.0,3.389454632,1.936831218,0.0,1179.0,137.9130435,278.89472,77782.26482,0.0,0.0,1.0,1.0,0.0,0.0,0.0,1.0,0.0,144.1818182,102.9285714,216.375,0.0,0.0,0.0,0.0,0.0,0.0,14.0,1441.0,8.0,1731.0,8192.0,62644.0,7.0,20.0,0.0,0.0,0.0,0.0,0.0,0.0,0.0,0.0,Benign
1586897,51703.0,66212833.0,9.0,0.0,495.0,0.0,58.0,31.0,55.0,9.0,0.0,0.0,0.0,0.0,7.475892173,0.135925312,8276604.125,11400000.0,32800000.0,257936.0,66200000.0,8276604.125,11400000.0,32800000.0,257936.0,0.0,0.0,0.0,0.0,0.0,1.0,0.0,0.0,0.0,180.0,0.0,0.135925312,0.0,31.0,58.0,52.6,11.38419958,129.6,0.0,1.0,0.0,0.0,1.0,1.0,0.0,0.0,0.0,58.44444444,55.0,0.0,0.0,0.0,0.0,0.0,0.0,0.0,9.0,495.0,0.0,0.0,64.0,-1.0,8.0,20.0,8096307.0,0.0,8096307.0,8096307.0,19400000.0,12400000.0,32800000.0,8197258.0,Benign
1586898,53.0,111360.0,2.0,2.0,86.0,198.0,43.0,43.0,43.0,0.0,99.0,99.0,99.0,0.0,2550.287356,35.91954023,37120.0,38449.14996,76809.0,44.0,34507.0,34507.0,0.0,34507.0,34507.0,44.0,44.0,0.0,44.0,44.0,0.0,0.0,0.0,0.0,16.0,16.0,17.95977011,17.95977011,43.0,99.0,65.4,30.67246322,940.8,0.0,0.0,0.0,0.0,0.0,0.0,0.0,0.0,1.0,81.75,43.0,99.0,0.0,0.0,0.0,0.0,0.0,0.0,2.0,86.0,2.0,198.0,-1.0,-1.0,1.0,8.0,0.0,0.0,0.0,0.0,0.0,0.0,0.0,0.0,Benign
1586899,3389.0,4961077.0,10.0,9.0,1821.0,1581.0,677.0,0.0,182.1,269.5899973,1173.0,0.0,175.6666667,385.5612792,685.7381976,3.829813567,275615.3889,697640.7153,3006038.0,44.0,4961077.0,551230.7778,961651.9117,3051515.0,164.0,4802943.0,600367.875,982844.1097,3006038.0,149849.0,0.0,0.0,0.0,0.0,224.0,216.0,2.015691351,1.814122216,0.0,1173.0,170.1,314.0584759,98632.72632,0.0,0.0,1.0,1.0,0.0,0.0,0.0,1.0,0.0,179.0526316,182.1,175.6666667,0.0,0.0,0.0,0.0,0.0,0.0,10.0,1821.0,9.0,1581.0,8192.0,62856.0,6.0,20.0,0.0,0.0,0.0,0.0,0.0,0.0,0.0,0.0,Benign
1586900,49723.0,42.0,1.0,1.0,0.0,0.0,0.0,0.0,0.0,0.0,0.0,0.0,0.0,0.0,0.0,47619.04762,42.0,0.0,42.0,42.0,0.0,0.0,0.0,0.0,0.0,0.0,0.0,0.0,0.0,0.0,0.0,0.0,0.0,0.0,20.0,20.0,23809.52381,23809.52381,0.0,0.0,0.0,0.0,0.0,0.0,0.0,0.0,0.0,1.0,1.0,0.0,0.0,1.0,0.0,0.0,0.0,0.0,0.0,0.0,0.0,0.0,0.0,1.0,0.0,1.0,0.0,31970.0,63890.0,0.0,20.0,0.0,0.0,0.0,0.0,0.0,0.0,0.0,0.0,Benign
1586901,80.0,54491092.0,2.0,0.0,0.0,0.0,0.0,0.0,0.0,0.0,0.0,0.0,0.0,0.0,0.0,0.036703247,54500000.0,0.0,54500000.0,54500000.0,54500000.0,54500000.0,0.0,54500000.0,54500000.0,0.0,0.0,0.0,0.0,0.0,0.0,0.0,0.0,0.0,40.0,0.0,0.036703247,0.0,0.0,0.0,0.0,0.0,0.0,0.0,0.0,0.0,0.0,1.0,0.0,0.0,0.0,0.0,0.0,0.0,0.0,0.0,0.0,0.0,0.0,0.0,0.0,2.0,0.0,0.0,0.0,279.0,-1.0,0.0,20.0,0.0,0.0,0.0,0.0,0.0,0.0,0.0,0.0,Benign
