rank,feature,mi_score
1,init_fwd_win_byts,0.40061054055382805
2,fwd_header_len,0.34015573671507293
3,bwd_pkt_len_mean,0.33101683790617487
4,bwd_seg_size_avg,0.3306291618043904
5,subflow_fwd_byts,0.32786128276756443
6,totlen_fwd_pkts,0.32766882376501805
7,subflow_bwd_byts,0.32715609829417547
8,totlen_bwd_pkts,0.3269861981914477
9,fwd_seg_size_avg,0.3251665411751554
10,fwd_pkt_len_mean,0.32510848240176293
11,bwd_pkt_len_max,0.3227191916247478
12,fwd_pkt_len_max,0.3223694192843216
13,dst_port,0.32047657037796085
14,fwd_iat_tot,0.308931021409824
15,bwd_pkt_len_std,0.3047051008463739
16,fwd_iat_max,0.30272990811561873
17,pkt_len_var,0.30188625269100045
18,fwd_pkt_len_std,0.3016739550556655
19,pkt_len_std,0.3015872164659059
20,pkt_len_mean,0.2964123600904094
21,pkt_len_max,0.29268477250618363
22,pkt_size_avg,0.2907680849937957
23,fwd_iat_mean,0.2870517777809698
24,flow_duration,0.2815270779769743
25,flow_iat_max,0.27967924766208374
26,fwd_pkts_s,0.2688455819059745
27,flow_pkts_s,0.2659868401024068
28,flow_iat_mean,0.2645493813062674
29,init_bwd_win_byts,0.2626898785863747
30,fwd_iat_min,0.24781204573515292
31,bwd_header_len,0.24060237001941198
32,bwd_pkts_s,0.2382221727907856
33,bwd_iat_tot,0.22143902103254764
34,bwd_iat_max,0.2108004299919879
35,flow_iat_std,0.2088922062403893
36,bwd_iat_mean,0.20579599403690518
37,flow_iat_min,0.20452554144575585
38,tot_bwd_pkts,0.204088450697677
39,subflow_bwd_pkts,0.20293335071194396
40,flow_byts_s,0.19900543306874763
41,fwd_iat_std,0.1982899232569646
42,bwd_iat_std,0.19014570894513416
43,fwd_seg_size_min,0.1880062743094555
44,tot_fwd_pkts,0.17542015734025607
45,subflow_fwd_pkts,0.17515369997953623
46,bwd_iat_min,0.17209822944841258
47,fwd_act_data_pkts,0.12081651748684119
48,psh_flag_cnt,0.06180543472600464
49,idle_max,0.053364346457483114
50,ece_flag_cnt,0.053156983009505776
51,rst_flag_cnt,0.05314690034279357
52,ack_flag_cnt,0.05257320382716424
53,idle_min,0.049244901267790686
54,idle_mean,0.04882650075121964
55,down_up_ratio,0.03735582537533655
56,fwd_pkt_len_min,0.03321091895696893
57,pkt_len_min,0.032020541658480894
58,bwd_pkt_len_min,0.031030395545071476
59,active_mean,0.027478358728197483
60,active_min,0.026948175279360775
61,active_max,0.026704908461233634
62,idle_std,0.015824966461605472
63,active_std,0.01373490033945135
64,syn_flag_cnt,0.006362532606917215
65,fwd_psh_flags,0.005928656891858175
66,urg_flag_cnt,0.0030152991396548146
67,fin_flag_cnt,0.001698672698324133
68,cwe_flag_count,0.0012215748358781475
69,bwd_pkts_b_avg,0.001123900747956208
70,bwd_urg_flags,0.0004029343886933212
71,fwd_urg_flags,0.0001930303904729147
72,bwd_blk_rate_avg,0.00015300646317650823
73,bwd_psh_flags,0.0
74,fwd_byts_b_avg,0.0
75,fwd_pkts_b_avg,0.0
76,fwd_blk_rate_avg,0.0
77,bwd_byts_b_avg,0.0
