,count,mean,std,min,25%,50%,75%,max
dst_port,1999987.0,10270.708956108214,19752.45117914959,0.0,53.0,80.0,3389.0,65535.0
flow_duration,1999987.0,10958628.176052645,494502510.27142143,-642052000000.0,465.0,13922.0,2583446.5,120000000.0
tot_fwd_pkts,1999987.0,26.363482362635356,1641.0150710583605,1.0,1.0,2.0,5.0,309629.0
tot_bwd_pkts,1999987.0,5.941271118262269,181.19143801184794,0.0,0.0,1.0,4.0,121091.0
totlen_fwd_pkts,1999987.0,1185.5661491799697,119867.68583644618,0.0,0.0,42.0,553.0,144391846.0
totlen_bwd_pkts,1999987.0,4311.114422743748,248820.43929873037,0.0,0.0,90.0,376.0,156199209.0
fwd_pkt_len_max,1999987.0,216.47335757682424,322.68973867979287,0.0,0.0,40.0,326.0,34368.0
fwd_pkt_len_min,1999987.0,10.158515530350947,26.063085647731707,0.0,0.0,0.0,0.0,1460.0
fwd_pkt_len_mean,1999987.0,52.942633326943444,65.65532761722415,0.0,0.0,35.5555555556,78.7247474747611,7188.2683333334
fwd_pkt_len_std,1999987.0,79.61730253795633,128.73119101289805,0.0,0.0,0.0,137.7805520365,6051.4534531309
bwd_pkt_len_max,1999987.0,320.5131043351782,479.48260350050447,0.0,0.0,79.0,354.0,65160.0
bwd_pkt_len_min,1999987.0,23.319181074676987,48.78808779862503,0.0,0.0,0.0,0.0,1312.0
bwd_pkt_len_mean,1999987.0,105.1394830527531,162.7040969875978,0.0,0.0,60.0,145.5,33879.28358
bwd_pkt_len_std,1999987.0,122.40377419868119,195.7321506729108,0.0,0.0,0.0,210.6018586,21326.2385
flow_byts_s,1993437.0,inf,,0.0,0.0,504.368256452,56332.06269,inf
flow_pkts_s,1999987.0,inf,,-0.0010297608,5.62685180575,214.2876276,5847.9532163743,inf
flow_iat_mean,1999987.0,3429411.508198666,14791381.994119536,-3963283950.61729,296.0,7081.0,191007.858202381,120000000.0
flow_iat_std,1999987.0,1344865.0835047008,431648817.8761924,0.0,0.0,1.414213562,234934.6118538365,438678710140.367
flow_iat_max,1999987.0,6922412.343187731,974278151.5231118,0.0,380.0,13133.0,953534.0,979781000000.0
flow_iat_min,1999987.0,2082222.9650312727,940347755.1621842,-943564000000.0,5.0,50.0,967.0,120000000.0
fwd_iat_tot,1999987.0,10668164.214531895,494496918.9409609,-642052000000.0,0.0,4729.0,1962673.0,120000000.0
fwd_iat_mean,1999987.0,3728371.0160715454,14974873.89855002,-3963283950.61729,0.0,3360.0,297886.7747252746,120000000.0
fwd_iat_std,1999987.0,1444289.834988654,431652152.58288896,0.0,0.0,0.0,99744.6166199286,438678710140.367
fwd_iat_max,1999987.0,6727496.297715935,974276674.7946173,0.0,0.0,4633.0,1124114.0,979781000000.0
fwd_iat_min,1999987.0,2176493.8802477214,940350619.8343996,-943564000000.0,0.0,41.0,1029.0,120000000.0
bwd_iat_tot,1999987.0,6822314.414910197,24648803.597945638,0.0,0.0,0.0,106983.5,120000000.0
bwd_iat_mean,1999987.0,697323.3225399995,3794563.4734327863,0.0,0.0,0.0,35162.75,119889822.0
bwd_iat_std,1999987.0,768393.4684105633,3250316.1642931616,0.0,0.0,0.0,16158.80416,84789538.999178
bwd_iat_max,1999987.0,2292721.382176984,9600934.925369691,0.0,0.0,0.0,82197.0,120000000.0
bwd_iat_min,1999987.0,211756.37105891187,3184009.33999157,0.0,0.0,0.0,196.0,119889822.0
fwd_psh_flags,1999987.0,0.03727824230857501,0.18944284864668628,0.0,0.0,0.0,0.0,1.0
bwd_psh_flags,1999987.0,0.0,0.0,0.0,0.0,0.0,0.0,0.0
fwd_urg_flags,1999987.0,0.0005740037310242517,0.0239515038688629,0.0,0.0,0.0,0.0,1.0
bwd_urg_flags,1999987.0,0.0,0.0,0.0,0.0,0.0,0.0,0.0
fwd_header_len,1999987.0,282.8421084737051,13284.806611726011,0.0,20.0,40.0,132.0,2477032.0
bwd_header_len,1999987.0,126.44210987371417,3516.681965094717,0.0,0.0,20.0,104.0,2421832.0
fwd_pkts_s,1999987.0,43596.21082690336,215518.85426997743,0.0,3.2729853288,136.1532177543796,3434.065934,5000000.0
bwd_pkts_s,1999987.0,24696.1924277687,117857.70965720556,0.0,0.0,3.882635688410721,911.9927041,2000000.0
pkt_len_min,1999987.0,10.029780193571257,24.789603482446438,0.0,0.0,0.0,0.0,1460.0
pkt_len_max,1999987.0,377.71094712115627,507.4525143265687,0.0,0.0,84.0,935.0,65160.0
pkt_len_mean,1999987.0,75.22978651563848,104.81965747196264,0.0,0.0,50.0,136.2222222,17344.98473
pkt_len_std,1999987.0,118.7027707222628,162.08787892735808,0.0,0.0,27.1354626519,283.7777353,22788.28621
pkt_len_var,1999987.0,40362.66214021171,375636.3668927889,0.0,0.0,736.3333333333,80529.803030303,519000000.0
fin_flag_cnt,1999987.0,0.004233527517928866,0.06492770495328584,0.0,0.0,0.0,0.0,1.0
syn_flag_cnt,1999987.0,0.03727824230857501,0.18944284864668628,0.0,0.0,0.0,0.0,1.0
rst_flag_cnt,1999987.0,0.17362712857633575,0.37878862250541395,0.0,0.0,0.0,0.0,1.0
psh_flag_cnt,1999987.0,0.3953710699119544,0.48893036980316645,0.0,0.0,0.0,1.0,1.0
ack_flag_cnt,1999987.0,0.358721831691906,0.47962547282286255,0.0,0.0,0.0,1.0,1.0
urg_flag_cnt,1999987.0,0.04478329109139209,0.2068278736520767,0.0,0.0,0.0,0.0,1.0
cwe_flag_count,1999987.0,0.0005740037310242517,0.0239515038688629,0.0,0.0,0.0,0.0,1.0
ece_flag_cnt,1999987.0,0.17362762857958577,0.378789053319199,0.0,0.0,0.0,0.0,1.0
down_up_ratio,1999987.0,0.48339364205867336,0.7743408828772097,0.0,0.0,0.0,1.0,261.0
pkt_size_avg,1999987.0,86.4935987450488,110.01584271921273,0.0,0.0,68.0,145.0,17478.40769
fwd_seg_size_avg,1999987.0,52.942633326943444,65.65532761722415,0.0,0.0,35.5555555556,78.72474747476112,7188.2683333333
bwd_seg_size_avg,1999987.0,105.1394830527531,162.7040969875978,0.0,0.0,60.0,145.5,33879.28358
fwd_byts_b_avg,1999987.0,0.0,0.0,0.0,0.0,0.0,0.0,0.0
fwd_pkts_b_avg,1999987.0,0.0,0.0,0.0,0.0,0.0,0.0,0.0
fwd_blk_rate_avg,1999987.0,0.0,0.0,0.0,0.0,0.0,0.0,0.0
bwd_byts_b_avg,1999987.0,0.0,0.0,0.0,0.0,0.0,0.0,0.0
bwd_pkts_b_avg,1999987.0,0.0,0.0,0.0,0.0,0.0,0.0,0.0
bwd_blk_rate_avg,1999987.0,0.0,0.0,0.0,0.0,0.0,0.0,0.0
subflow_fwd_pkts,1999987.0,26.363482362635356,1641.0150710583605,1.0,1.0,2.0,5.0,309629.0
subflow_fwd_byts,1999987.0,1185.5661491799697,119867.68583644618,0.0,0.0,42.0,553.0,144391846.0
subflow_bwd_pkts,1999987.0,5.941271118262269,181.19143801184794,0.0,0.0,1.0,4.0,121091.0
subflow_bwd_byts,1999987.0,4310.81407379148,248722.63490891663,0.0,0.0,90.0,376.0,156199209.0
init_fwd_win_byts,1999987.0,10773.205178833663,18451.467206789253,-1.0,52.0,1024.0,8192.0,65535.0
init_bwd_win_byts,1999987.0,7999.176550147576,19586.079098169903,-1.0,-1.0,0.0,230.0,65535.0
fwd_act_data_pkts,1999987.0,22.844115486750663,1639.3610956937737,0.0,0.0,0.0,1.0,309628.0
fwd_seg_size_min,1999987.0,19.12856433566818,8.263552917672826,0.0,20.0,20.0,20.0,48.0
active_mean,1999987.0,130896.3374758856,2006578.6212761833,0.0,0.0,0.0,0.0,114000000.0
active_std,1999987.0,62143.43707671829,1193752.72786918,0.0,0.0,0.0,0.0,74900000.0
active_max,1999987.0,200762.39862409106,2665919.484044786,0.0,0.0,0.0,0.0,114000000.0
active_min,1999987.0,90363.54611704976,1705188.5430022925,0.0,0.0,0.0,0.0,114000000.0
idle_mean,1999987.0,4898150.540119182,348212062.27688754,0.0,0.0,0.0,0.0,356032864197.531
idle_std,1999987.0,382315.6582052171,239060105.69558245,0.0,0.0,0.0,0.0,243268209256.922
idle_max,1999987.0,5653313.855021058,974260428.4475073,0.0,0.0,0.0,0.0,979781000000.0
idle_min,1999987.0,4420180.25068713,17017751.339589585,0.0,0.0,0.0,0.0,7758000000.0
